TRABAJADOR_ID,NOMBRE_COMPLETO,DIVISION
0,MARIA ANGELES LOPEZ ROJAS,BAJIO
1,LAURA HERNANDEZ PEREZ,BAJIO
2,JOSE ANTONIO MORALES HERNANDEZ,BAJIO
3,RAFAEL MORENO GOMEZ,BAJIO
4,JOSE ANTONIO GONZALEZ DIAZ,BAJIO
5,MARIA BORREGO MORENO,BAJIO
6,FRANCISCO JAVIER DIAZ DIAZ,BAJIO
7,JESUS FERNANDEZ MORALES,BAJIO
8,LAURA MARTINEZ MARTINEZ,BAJIO
9,JAVIER MARTINEZ SANCHEZ,BAJIO
10,LAURA GARRIDO MORALES,BAJIO
11,MIGUEL RODRIGUEZ PEREZ,BAJIO
12,JAVIER GARCIA DIAZ,BAJIO
13,DANIEL MORENO ORTIZ,BAJIO
14,PABLO MORALES DIAZ,BAJIO
15,DAVID FERNANDEZ GARCIA,BAJIO
16,JOSEFA JIMENEZ ROJAS,METROPOLITANA NORTE
17,ALEJANDRO RODRIGUEZ GONZALEZ,METROPOLITANA NORTE
18,MIGUEL ANGEL VERA SANCHEZ,METROPOLITANA NORTE
19,RAFAEL BORREGO FERNANDEZ,METROPOLITANA NORTE
20,JAVIER SOLER RODRIGUEZ,METROPOLITANA NORTE
21,MARIA PILAR SOLER GARRIDO,METROPOLITANA NORTE
22,MANUEL PEREZ BORREGO,METROPOLITANA NORTE
23,JOSE MORALES HERNANDEZ,METROPOLITANA NORTE
24,RAFAEL ROJAS ROJAS,METROPOLITANA NORTE
25,PEDRO BORREGO JIMENEZ,METROPOLITANA NORTE
26,JOSE ANTONIO VERA RODRIGUEZ,METROPOLITANA NORTE
27,MARIA RODRIGUEZ LOPEZ,METROPOLITANA NORTE
28,ISABEL HERNANDEZ GONZALEZ,METROPOLITANA NORTE
29,ANA JIMENEZ GONZALEZ,METROPOLITANA NORTE
30,ANTONIA FERNANDEZ TORRES,METROPOLITANA NORTE
31,JOSE ANTONIO MORENO HERNANDEZ,METROPOLITANA NORTE
32,MIGUEL ANGEL FERNANDEZ GARRIDO,METROPOLITANA NORTE
33,MARIA CARMEN SANCHEZ GARRIDO,METROPOLITANA NORTE
34,DAVID MORALES PEREZ,METROPOLITANA NORTE
35,MARIA JOSE GONZALEZ GARRIDO,METROPOLITANA NORTE
36,MARIA ANGELES LOPEZ ROJAS,METROPOLITANA SUR
37,MARTA SANCHEZ GONZALEZ,METROPOLITANA SUR
38,RAFAEL MORENO MORALES,METROPOLITANA SUR
39,JESUS MARTINEZ GARRIDO,METROPOLITANA SUR
40,MIGUEL HERNANDEZ RUIZ,METROPOLITANA SUR
41,JOSEFA PEREZ HERNANDEZ,METROPOLITANA SUR
42,PABLO GONZALEZ VERA,METROPOLITANA SUR
43,MARIA CARMEN GARCIA HERNANDEZ,METROPOLITANA SUR
44,JOSE LUIS HERNANDEZ PEREZ,METROPOLITANA SUR
45,JESUS RUIZ GARRIDO,METROPOLITANA SUR
46,MARIA TERESA RUIZ SOLER,METROPOLITANA SUR
47,MANUEL RUIZ MARTINEZ,METROPOLITANA SUR
48,ANA FERNANDEZ VERA,METROPOLITANA SUR
49,ANTONIA BORREGO LOPEZ,METROPOLITANA SUR
50,DAVID BORREGO ORTIZ,METROPOLITANA SUR
51,MARIA PILAR SANCHEZ LOPEZ,METROPOLITANA SUR
52,JOSE MUNOZ HERNANDEZ,METROPOLITANA SUR
53,MARIA PEREZ SANCHEZ,METROPOLITANA SUR
54,ISABEL GARCIA GOMEZ,NORESTE
55,PABLO VERA PEREZ,NORESTE
56,JOSE ANTONIO RUIZ JIMENEZ,NORESTE
57,MANUEL MUNOZ GARRIDO,NORESTE
58,MARIA TERESA GARRIDO JIMENEZ,NORESTE
59,MARIA TERESA GOMEZ RODRIGUEZ,NORESTE
60,FRANCISCO SOLER ROJAS,NORESTE
61,LUCIA RODRIGUEZ GARRIDO,NORESTE
62,LAURA VERA TORRES,NORESTE
63,ANTONIO ORTIZ LOPEZ,NORESTE
64,FRANCISCO JAVIER GONZALEZ JIMENEZ,NORESTE
65,MIGUEL JIMENEZ FERNANDEZ,NORESTE
66,ISABEL FERNANDEZ RODRIGUEZ,NORESTE
67,CARMEN HERNANDEZ JIMENEZ,NORESTE
68,FRANCISCO JAVIER SOLER FERNANDEZ,NORESTE
69,FRANCISCO FERNANDEZ JIMENEZ,NORESTE
70,JOSEFA GARRIDO JIMENEZ,NORESTE
71,MARIA GARCIA JIMENEZ,NOROESTE
72,JUAN TORRES HERNANDEZ,NOROESTE
73,LUCIA MUNOZ ORTIZ,NOROESTE
74,ANTONIA PEREZ MARTINEZ,NOROESTE
75,JOSE MANUEL GONZALEZ GARRIDO,NOROESTE
76,JOSE MANUEL JIMENEZ RUIZ,NOROESTE
77,MARIA PILAR PEREZ MORALES,NOROESTE
78,CRISTINA RODRIGUEZ DIAZ,NOROESTE
79,JOSE LUIS RODRIGUEZ TORRES,NOROESTE
80,LUCIA MUNOZ GOMEZ,NOROESTE
81,JAVIER GOMEZ GARRIDO,NOROESTE
82,MARIA ISABEL LOPEZ BORREGO,NOROESTE
83,ANTONIA TORRES HERNANDEZ,NOROESTE
84,FRANCISCO JIMENEZ BORREGO,NOROESTE
85,DOLORES FERNANDEZ GOMEZ,NOROESTE
86,MANUEL RUIZ MUNOZ,NOROESTE
87,PEDRO FERNANDEZ VERA,NOROESTE
88,JAVIER TORRES RUIZ,OCCIDENTE
89,MIGUEL JIMENEZ BORREGO,OCCIDENTE
90,MARTA GONZALEZ HERNANDEZ,OCCIDENTE
91,JOSEFA MORENO GOMEZ,OCCIDENTE
92,ALEJANDRO TORRES LOPEZ,OCCIDENTE
93,FRANCISCO JAVIER MORENO JIMENEZ,OCCIDENTE
94,MARIA MUNOZ JIMENEZ,OCCIDENTE
95,MARIA TERESA VERA SANCHEZ,OCCIDENTE
96,ANA HERNANDEZ SANCHEZ,OCCIDENTE
97,LUCIA LOPEZ HERNANDEZ,OCCIDENTE
98,JESUS MORALES MUNOZ,OCCIDENTE
99,MARTA MORENO ROJAS,OCCIDENTE
100,PEDRO HERNANDEZ MUNOZ,OCCIDENTE
101,MARTA BORREGO DIAZ,OCCIDENTE
102,MARTA JIMENEZ HERNANDEZ,OCCIDENTE
103,MARIA DOLORES MORALES GOMEZ,OCCIDENTE
104,FRANCISCO JAVIER ORTIZ GARRIDO,OCCIDENTE
105,DANIEL SANCHEZ MUNOZ,OCCIDENTE
106,ISABEL SOLER RUIZ,SUR
107,MARIA PILAR MUNOZ GOMEZ,SUR
108,MARIA JOSE GOMEZ PEREZ,SUR
109,JOSE MARTINEZ RODRIGUEZ,SUR
110,ANTONIA ROJAS MORENO,SUR
111,MIGUEL ANGEL MARTINEZ DIAZ,SUR
112,MARIA DOLORES GOMEZ SANCHEZ,SUR
113,FRANCISCO JAVIER RUIZ GARRIDO,SUR
114,JUAN FERNANDEZ ROJAS,SUR
115,FRANCISCO DIAZ FERNANDEZ,SUR
116,FRANCISCO JAVIER DIAZ GOMEZ,SUR
117,JOSE ANTONIO RODRIGUEZ VERA,SUR
118,ISABEL BORREGO HERNANDEZ,SUR
119,PABLO PEREZ GARCIA,SUR
120,MARIA ANGELES GONZALEZ PEREZ,SUR
121,FRANCISCA SOLER MUNOZ,SUR
122,DOLORES PEREZ MORENO,SUR
123,ANTONIO ROJAS GOMEZ,SUR
124,FRANCISCA BORREGO ROJAS,SURESTE
125,PABLO MORENO RUIZ,SURESTE
126,JOSE LUIS SOLER GARRIDO,SURESTE
127,RAFAEL ROJAS ROJAS,SURESTE
128,FRANCISCA VERA GARCIA,SURESTE
129,PEDRO RUIZ DIAZ,SURESTE
130,JOSE ANTONIO PEREZ GOMEZ,SURESTE
131,MIGUEL ANGEL ROJAS MUNOZ,SURESTE
132,JOSEFA MARTINEZ RODRIGUEZ,SURESTE
133,MARIA LOPEZ DIAZ,SURESTE
134,JOSE LUIS SOLER SANCHEZ,SURESTE
135,JOSE ORTIZ LOPEZ,SURESTE
